careers,8
â€“,1
enclara,3
32px,1
inline,1
none,4
1em,2
0,9
&&,34
loading,1
please,85
var,97
chars,1
if,79
length,1
str,1
for,262
i,31
0;,7
iteration,1
as,98
may,41
be,199
return,16
else,18
function,33
currentframeurl,1
genurl,1
loc,1
splitpar,2
splitfra,2
it,15
from,68
the,615
parent,1
one,49
so,7
array,1
is,200
in,285
right,11
fullparam,2
'&',1
randomid,1
iframe,2
isoldie,1
detect,1
ie10,1
and,853
enable,11
console,1
true,12
methods,9
within,16
hosted,1
1px,5
white,1
a,364
phone,8
'1,1
option,3
text,7
help,23
out,15
our,98
faq,1
or,231
call,21
us,25
at,96
',11
rejectchrome,1
?,14
false,6
apple,4
safari,1
google,10
chrome,3
mozilla,1
firefox,1
microsoft,3
internet,13
explorer,6
opera,1
konqueror,1
everything,6
'iphone',1
false;,2
'';,7
customized,1
browsers,4
mybrowser,1
key,19
are,136
healthcare,3
on,96
2017,6
privacy,25
by,82
'',3
velocity,1
js,3
applied,3
site,10
999,1
page,13
transition,1
central,3
credit,4
union,3
anchors,1
ssearchstring,1
shref,1
nindex,1
cf,2
string,1
prepended,2
open,10
hire,2
to,739
snewhref,1
href,3
strip,1
crap,1
new,74
sclass,1
surl,1
stext,4
nlevel,1
arythislink,1
sbreadcrumbonoff,2
stemp,2
variables,1
grab,3
information,73
current,35
scurrentpath,1
scurrentpage,2
internal,13
not,126
arysubnav,1
nlen,1
sindex,2
&gt;,2
last,7
bc,1
productversion,1
timeoutseconds,1
3600;,1
300;,1
companyid,1
17325;,1
ep_version,1
show,3
hide,5
welcomejob,1
your,333
job,81
agency,1
spagename,2
user,4
session,8
will,104
timeout,1
5,10
click,14
ok,1
continue,9
with,191
this,134
newly,1
created,5
position,18
an,93
innovative,3
thinker,3
who,19
has,29
passion,5
convert,4
raw,4
data,194
multiple,7
operational,2
sources,13
into,16
meaningful,5
insight,7
which,14
helps,1
drive,16
strategic,9
roadmap,1
make,14
sound,3
business,84
implement,6
maintain,14
common,1
reporting,28
monthly,1
quarterly,2
analyze,24
present,9
closely,6
external,1
vendors,1
strategy,4
service,24
desk,3
team,32
automation,7
communication,21
skills,43
ability,21
interpret,10
explain,4
complex,18
results,16
senior,6
knowledge,20
of,375
ms,1
sql,13
server,5
including,37
ssms,1
systems,13
database,13
excel,9
vba,5
would,16
analytical,22
identify,12
trends,11
patterns,4
able,21
manage,7
projects,4
set,9
candidate,12
administration,2
design,6
mining,15
statistical,26
experience,42
scheduling,1
software,20
studio,1
intelligence,7
existing,2
working,21
other,53
financial,16
degree,9
computer,22
mathematics,1
statistics,16
years,14
similar,14
role,11
united,13
do,21
you,244
know,7
&copy;2017,1
oklahoma,1
all,56
rights,9
 \n\t\t\t,1
,18
icimswindow,2
catch,13
windowurl,1
n;return,5
e&&e,2
instanceof,32
ismobile,1
redirecturl,1
link,6
isnewaesthetics,1
jobid,3
icimssd,2
iswidgetloaded,1
messageformat,1
resourcebundle,2
cannot,13
sure,13
blockers,1
'please,1
specify,2
valid,25
errormsg,1
bodytag,1
skiplink,1
'skip,1
absolute;,1
messages,1
index,2
primarymessage,2
secondarymessage,1
ishub,1
links,1
previnnerhtml,1
community,3
operations,8
tasked,2
ensuring,2
high,14
quality,4
support,30
liveops,4
clients,7
independent,2
responsible,11
gathering,2
interpreting,2
center,11
agent,10
population,3
metrics,4
such,20
well,11
performance,20
handling,2
client,4
work,56
cross,4
functional,4
teams,4
define,4
analysis,26
propose,4
successful,10
loves,2
digging,2
discovering,4
insights,10
hidden,6
that,98
superior,2
provide,15
metrics\n,1
recommendations,6
improvements\n,1
run,4
tests,5
optimize,8
performance\n,1
create,22
scripts,4
tools,6
extracting,4
presenting,7
data\n,1
discover,1
correlations,2
between,7
behaviors,2
bachelor\u2019s,1
quantitative,5
technical,12
field\n,1
advanced,11
pivot,2
nesting,2
formulas,2
analysis\n,1
autonomously,2
but,16
also,27
collaboration,4
teams\n,1
demonstrated,1
learn,9
apply,20
technologies\n,1
excellent,6
skills\n,2
thrive,1
environment,14
tight,2
deadlines\n,1
written,15
oral,6
using,50
packages,9
analyzing,12
large,10
sets,6
php,1
development,6
plus\n,1
apache,2
plus\n\nworkers,1
general,5
office,20
required,27
stoop,2
lift,4
50,8
pounds,6
while,15
operating,5
equipment,11
conducting,8
daily,2
offers,8
skilled,2
workforce,2
onshore,2
virtual,6
agents,5
customer,27
no,19
overhead,2
wasted,2
idle,2
model,2
scales,2
meet,8
seasonal,3
time,35
day,5
spikes,2
more,26
than,27
400,2
organizations,2
across,13
industries,2
insurance,6
telecom,2
trust,3
deliver,6
faster,2
program,8
increased,2
greater,11
satisfaction,2
scores,2
traditional,3
culture,3
fun!&nbsp;,2
we,99
offer,8
outstanding,6
benefits,17
401k,3
generous,2
pto,2
about,34
icims_other,1
cookies,5
browser,17
personalized,1
features,1
back,10
acquisition,3
metricsanalyze,1
improvementsrun,1
datadiscover,1
fieldadvanced,1
analysisability,1
skillsthrive,1
skillsexperience,1
plusworking,1
plusworkers,1
opportunity,18
share,11
properly,3
refresh,3
try,47
again,11
ready,5
apply?,1
connect,3
faqssoftware,1
powered,2
relic,1
pageviewname,2
ensure,4
ever,5
halt,1
f,4
j,4
dl,4
l,8
'datalayer',4
true;,5
dl;,4
students,4
&amp;,19
application,24
log,8
openings,7
full,10
analyst,38
primarily,2
analyses,11
sourcing,8
initiatives,2
supply,5
market,5
rfx,4
build,4
relevant,13
compliance,6
tracking,12
baselines,2
total,4
cost,9
process,21
update,10
spend,10
stuff,2
requires,5
competency,2
change,13
relationship,4
building,6
talent,10
focus,2
inspirational,2
•establish,2
channels,2
stakeholders,6
during,3
conduct,5
standard,5
practices,5
tools;,2
research,11
industry,3
benchmarks,2
product,4
refine,4
develop,12
vendor,2
responses,2
qualitative,3
supplier,4
negotiations,2
supporting,2
materials,2
team’s,2
negotiation,2
preparation;,2
assist,4
developing,4
savings,4
approach,4
category•extract,2
extraction,2
erp,2
modeling,12
tool,2
input,2
output,2
finance,3
obtain,3
necessary,11
order,15
produce,2
validate,2
baseline,2
cube,2
opportunities,24
based,16
teams•support,2
special,11
procurement,2
activities,7
needed,8
years’,2
solving,4
analytics,31
deep,3
access;,2
proficient,4
areas,2
suite•knowledge,2
various,10
evaluation,6
payback,2
•strong,2
verbal,5
clearly,2
concisely,2
communicate,2
strong,11
problem,3
skills•high,2
school,20
posted,2
candidates,3
have,66
94768brreq,2
notravel,2
commissions,2
–,5
care,3
compensation,2
&ndash;,8
sr,5
salesforce,2
retail,12
merchandising,2
even,5
health,6
vision,6
just,8
pro,2
flexible,6
spending,5
paid,9
r,7
kick,2
want,9
control,6
over,7
how,12
it's,3
we've,2
ditched,2
reviews,2
tailored,2
career,23
includes,5
training,7
better,5
leadership,9
sweet,2
company,25
steep,2
discounts,2
consumer,2
rate,6
plans,4
fantastic,2
accessories,2
kids,2
child,2
surrogacy,2
aren’t,2
programs,2
reduce,8
those,9
investment,6
options,9
include,21
annual,2
employee,23
stock,4
purchase,4
plan,9
gives,2
chance,2
what,18
expect,2
when,17
applying,8
510,4
virginia,6
pa,2
check,14
public,3
estimated,2
travel,6
20min,2
route,2
good,6
fit,2
“best,2
place,5
former,2
volume,3
store,4
manager,6
shaker,2
fun,2
incentive,2
exceed,2
truly,2
amazing,7
start,5
sometimes,4
does,14
hinge,2
skill,7
pain,2
point,2
growing,4
lot,2
times,4
comes,2
down,6
loyal,2
consistent,2
far,2
too,11
many,6
i've,2
seen,2
great,5
walk,2
away,6
could,2
been,29
win,6
both,9
parties,5
had,6
chose,2
promote,3
“amazing,2
associate,15
constantly,2
improving,2
heading,2
up,21
really,2
hard,6
top,6
sales,9
move,7
higher,4
they,11
same,20
assistant,4
hiring,3
easy,4
eliminate,2
assessment,6
can,45
bit,2
shorter,3
increase,2
base,2
basically,2
managers,2
overlook,2
them,12
their,9
pay,6
much,5
then,7
some,11
associates,2
makes,3
prevents,2
get,15
&quot;best,2
employer,7
worked,2
legitimately,2
cares,2
its,5
employees,16
listens,2
something,6
isn't,4
opinion,2
always,6
takes,4
appropriate,6
haven't,2
employed,2
should,20
i'll,2
my,11
management,23
ethical,2
metropcs,8
provides,4
freedom,2
convenience,3
wireless,2
services,12
nationwide,2
4g,4
lte,2
network,10
flat,2
customers,7
value,26
wide,2
variety,8
device,4
choices,2
leading,6
flagship,2
brand,9
operated,3
products,10
available,17
online,12
states,8
through,23
authorized,7
dealer,2
national,18
eoe,2
take,15
equal,31
seriously,2
decisions,8
concerning,2
employment,21
made,9
without,30
regard,8
sexual,9
gender,7
identity,10
marital,4
citizenship,2
veteran,10
presence,2
any,43
physical,7
mental,5
status,9
characteristic,2
protected,11
local,7
discrimination,4
harassment,4
upon,5
these,12
factors,4
wholly,2
inconsistent,2
values,4
violate,2
contact,28
terms,7
tell,8
choose,14
everyone,3
freelancers,2
contractors,2
currently,8
placed,2
refreshlocation,2
storeaddress,2
pennsylvania,4
locationlat,2
locationlon,2
herff,8
varsity,2
achievement,4
datalayer,4
personalize,6
experience!,6
enter,51
name,22
search,26
careerswe,2
jonescorporate,2
familyour,4
historypress,4
releases,2
openingsour,4
shop,5
benefitswe,2
jonespartner,2
uscorporate,2
jude,2
backour,2
releasesherff,2
jones,4
newsherff,2
news,2
join,2
intersection,2
		,2
©,2
best,5
way,8
fill out,2
select,22
class,6
graduation,12
college,11
rings,10
custom,3
you!,2
generally,2
delivered,8
weeks,6
after,11
ordering,2
go,14
announcements,6
purchased,2
either,3
provided,10
commonly,2
february,2
april,2
caps,2
gowns,4
typically,3
very,6
close,7
specific,10
details,5
regarding,5
delivery,6
communicated,4
shipping,4
residential,2
address,12
shipped,8
via,13
po,2
box,6
postal,5
distributed,2
campus,5
depending,2
school’s,2
preference,2
selection,4
bulk,2
distribution,4
dates,2
direct,8
ship,2
allow,5
once,6
shipment,2
confirmation,4
email,35
number,7
sent,13
directly,5
listed,2
arrive,2
12,2
15,3
home,7
mailing,2
occur,2
scheduled,2
announced,2
va,1
bp,1
capital,5
'placeholder',2
print,5
only,11
hack,2
listing_id,4
648241,1
'648241',1
collection,5
strategies,9
efficiency,4
primary,8
secondary,4
maintaining,3
duties\r\ndata,1
responsibilities,13
lifecycle,2
analysts,2
monitor,3
techniques,12
ongoing,2
sets\r\nfilter,1
reviewing,2
indicators,3
locate,2
correct,5
code,14
problems\r\nwork,1
needs\r\nlocate,1
improvement,5
expertise,8
segmentation,5
objects,2
databases,4
programming,3
etl,2
datasets,10
sas,2
disseminate,3
significant,3
amounts,5
attention,9
detail,5
report,18
writing,4
findings\r\nbs,1
combines,2
technology,23
solutions,23
human,8
simplify,2
humanize,2
mitigate,3
federal,4
agencies,3
prescient,1
edge,4
usa,2
salary,5
comprehensive,6
me,6
piper,4
formisvalid,2
1,3
appdata,2
there's,2
field,19
skip,3
job_id,2
'job_listing_id',2
javascript,3
disabled,2
enabling,4
need,11
assistance,4
here,16
fields,4
preferred,4
method,4
clicking,9
button,5
agree,7
applicantpro's,2
applicant,11
use,37
sidebar_options,2
maintained,5
applicantpro,2
&copy;,2
60px,2
faqbuttons,2
submit,9
account,27
login,16
from_page_url,2
keyword,3
newwindow,4
term,3
path,2
label,2
newbuttontext,6
found,4
'common,2
date;var,2
fired,4
thanks,4
'other',2
answer,9
domain_id,2
app,6
'other,2
v,3
'fire',2
'disable',2
save,3
ouibounce,2
modal,2
e,4
pkbaseurl,4
piwiktracker,2
err,2
0px,4
auto,1
solid,6
div,2
img,2
2px,1
script,3
workday,8
object,3
workdaymessages,1
background,3
still,1
see,5
action,4
items,5
sign,9
landing,1
pages,5
reports,24
guided,2
tours,1
question,4
alerts,1
enough,1
populate,1
above,3
find,9
organizer,4
inbox,7
comments,1
amount,4
entered,6
digits,1
beyond,2
decimal,1
default,1
url,3
attempting,2
valid!\\nplease,1
system,20
instance,6
id,5
grid,4
updated,2
since,2
prior,2
year,2
specified,6
month,3
date,11
off,6
requests,7
view,18
security,21
flash,4
player,3
version,22
minimum,4
adobe,1
older,4
visit,5
download,7
latest,11
downloaded,1
questions,11
chosen,2
request,5
being,6
wait,8
notified,3
max,3
must,64
least,27
&,7
drag,1
icon,2
level,6
works,3
compatibility,4
turn,1
first,12
remove,3
sort,3
add,9
like,17
there,3
was,35
error,13
processing,2
step,4
issue,1
authentication,4
initiated,1
separate,1
window,3
reason,3
cancel,2
elect,2
restore,2
now?,1
recovered,3
sessions,1
profile,7
menu,1
under,9
\u201crecovery,1
track,5
row,26
esign,1
checkbox,1
before,16
daylight,1
saving,1
fill,3
rows,3
item,2
secret,2
authenticator,7
verification,6
main,5
columns,1
chart,2
backup,5
codes,2
received,4
another,1
users,1
display,4
pare,1
list,5
filters,1
message,3
neither,1
nor,1
receiving,1
containing,2
passcode,2
below,6
access,20
saved,11
filter,6
already,2
replace,3
final,1
mandatory,2
passcodes,2
remaining,4
logins,2
scan,1
qr,1
factor,1
adds,1
layer,1
require,3
addition,4
signins,1
supplied,1
organization\'s,1
approved,2
installed,1
mobile,7
somewhere,1
safe,3
each,15
issues,1
checked,1
changes,9
delete,4
worklet,1
edited,1
actions,5
preview,1
now,3
related,15
enhanced,1
behalf,2
press,1
clear,3
nothing,1
upload,26
additional,6
occurs,1
next,6
rounded,1
configured,1
detailed,5
september,4
9th,2
longer,4
10,7
earlier,2
upgrade,4
11,2
different,7
supported,2
supports,3
december,1
2016,1
directory,1
permission,2
export,2
taking,3
long,1
finish,1
axis,5
pdf,1
failed,1
continues,1
read,2
line,1
regression,2
privileged,4
forgot,1
movement,1
because,9
navigate,3
discard,2
send,8
star,2
result,3
maximum,2
tagged,1
escape,1
exit,1
arrow,2
keys,2
type,6
arrows,1
errors,1
continuing,2
b,2
later,7
preferences,1
suggestions,3
files,3
uploaded,13
\'top,2
n,4
values\',2
excluded,1
summed,1
together,1
displayed,1
\'other\',1
exchange,2
estimate,1
currency,1
look,1
what\'s,1
attempts,1
previous,7
column,1
comment,1
why,3
document,6
format,1
progress,2
keep,4
runs,1
it\'s,1
completed,3
searching,1
task,1
selecting,1
resend,1
printable,3
transaction,2
remain,2
further,5
\'discard\',1
leave,1
tag,1
reset,8
initiate,1
password,34
instructions,3
eight,4
characters,4
contain,13
can\'t,1
in?,1
spam,1
verify,10
trouble,1
displaying,1
regain,1
summarize,2
occurred,2
uploading,7
following,12
wish,1
review,5
file,18
notification,1
selected,2
less,10
entering,1
fullscreen,1
viewing,1
matches,4
signing,1
routing,1
photo,2
pin,1
digit,1
did,3
confirm,1
incorrect,1
username,8
setup,1
dragging,1
looking,7
groups,1
nbox,1
collapse,1
facet,1
unplotted,1
size,3
permitted,3
revise,1
layout,1
gear,1
upper,1
corner,1
2,1
leaving,1
uncomment,1
disable,1
called,1
disabletracker,1
externalsite,1
enables,1
querystring,1
tenant,1
arraybuffer&&t,3
blob&&t,3
formdata&&t,3
o,3
t&&t,3
international,4
t,2
\u0026,1
ambiguity,3
manipulating,3
disparate,3
db’s,3
formatted,3
contract,3
dhs,4
shall,14
obtained,3
surveys;,3
reported,3
cbp,6
officers,3
sites,4
where,6
nii,18
rde,3
deployed;,3
generated,9
department,8
energy,4
pacific,3
northwest,3
laboratories,3
capability,3
providers;,3
integrated,6
logistics,3
branch,3
interdiction,3
branch;,3
directorate,3
collected,9
spreadsheets,3
organized,4
documents,8
stored,6
roles,3
inclusive,3
generate,3
useful,6
members,8
graphical,3
presentation,3
prioritized,3
needs,12
project,12
efficient,4
frameworks,3
streamline,3
models,5
depict,3
outline,3
derive,3
calls,3
providing,7
entry,7
organization,5
district,1
&middot;,1
requirements,2
bachelors,1
environments,2
capable,3
indeed,2
iajs,3
discriminate,3
basis,4
genetic,4
prohibited,2
law,8
provision,2
jibe,2
init,2
2;,1
avanade,4
philadelphia,1
urlregex,1
polyfill,1
test,2
css,1
media,4
authors,1
copyright,3
scott,1
paul,1
nicholas,1
david,1
dual,1
license,1
matchmedium,1
api,1
ie,5
9,2
stylemedia,2
don't,1
style,1
info,3
used,7
8,5
'@media,1
1px;,1
query,5
msviewportstyle,1
buggyandroid,1
queryindex,1
hashindex,1
rv,2
'microsoft,1
ua,1
re,1
ios,1
recommend,2
mode,3
logged,4
submitted,6
jobs,11
settings,3
prevented,2
locations,2
unable,4
retrieve,4
mean,2
got,2
plenty,2
state,5
joining,2
referred™,2
explore,5
social,2
professional,9
networks,5
ask,2
personally,2
refer,4
simply,2
referred,5
cv,2
cover,25
someone,2
almost,2
few,7
steps,3
proprietary,3
developed,4
produced,2
kenexa,12
content,15
questionnaire,6
kenexa’s,4
suppliers,4
yum,2
restaurant,2
third,12
party,10
providers,3
condition,2
reproduced,2
whole,2
form,2
express,2
consent,4
applicable,6
circumstances,2
company’s,4
event,2
ibm,2
liable,2
damanges,2
whatsoever,2
damages,3
loss,3
vocational,2
arising,2
inability,2
regardless,3
whether,2
advised,3
possibility,2
confirming,2
purposes,2
receive,6
calculator,2
completing,2
otherwise,3
directed,2
requested,4
failure,2
comply,3
selectortm,2
questionnaires,2
successfully,8
submitted!,2
member,4
match,4
invite,3
section,3
functionalities,3
attached,18
resume,41
dropbox,2
emailed,4
follow,8
expedite,2
linkedin,3
skydrive,2
survey,2
recent,2
appreciate,2
took,2
moments,2
respond,3
eligible,4
interest,3
determined,2
feel,5
complete,7
reply,3
exploring,2
trying,6
were,4
refreshing,2
logging,3
unavailable,2
policy,5
describes,1
ebay,9
joint,1
ventures,1
handle,3
personal,28
placement,1
websites,2
amend,1
posting,2
revised,3
effective,1
post,4
material,1
30,2
days’,1
notice,4
considered,1
having,3
expressly,3
consented,1
amendments,3
deactivate,2
disclosure,5
sensitive,1
binding,3
corporate,6
rules,3
established,3
european,1
commitment,1
protect,8
corporation,1
controller,1
servers,1
shared,5
affiliated,1
legal,4
entities,1
around,4
governed,1
collect,5
ip,1
you’re,2
web,11
traffic,1
transactions,1
certain,3
parts,1
transcripts,1
desired,2
referral,1
property,1
purpose,2
collecting,1
smooth,1
assess,2
dispute,1
troubleshooting,3
notices,1
positions,3
placing,1
voice,2
messaging,1
compare,1
accuracy,1
criminal,1
history,2
determining,1
qualifications,1
accept,3
become,4
part,6
record,3
sell,1
rent,1
marketing,2
explicit,1
acting,1
obligated,1
consistently,4
family,3
limited,1
disclose,1
sole,1
safety,5
contractors;,1
visitors,1
properties;,1
against,2
fraud,1
illegal,1
activity,4
risk,3
purposes;,1
inquiries,1
authorities;,1
enforce,1
service;,1
permit,1
pursue,1
remedies,1
limit,1
sustain;,1
technologies,3
recognize,1
customize,1
measure,1
site’s,1
prevent,1
throughout,1
describe,3
associated,1
person,1
consider,1
anonymous,1
computers,1
elsewhere,1
world,1
facilities,1
administrative,1
measures,1
risks,1
unauthorized,1
safeguards,1
firewalls,1
controls,1
authorization,1
although,2
private,1
communications,1
secure,1
compromised,1
accessing,1
changing,3
most,3
manually,1
modify,1
difficult,1
promptly,1
active,1
retained,1
retain,1
own,4
copy,1
answered,2
write,1
global,1
2145,1
hamilton,1
san,2
california,1
transfer,1
registration,3
user?,4
given,2
credentials,2
'forgot,2
password',2
25,7
answers,7
locked,5
due,2
excessive,2
invalid,2
successful;,2
inactive,2
spelling,2
recently,2
attempted,2
twice,2
24hrs,4
allowed,2
per,2
preceding,4
favorite,4
vacation,2
mother's,2
maiden,2
pet's,1
car,2
paternal,2
grandfather's,1
father's,1
middle,2
city,2
street,2
lived,2
experienced,4
statement,2
chinese,2
kong,1
africa,1
near,1
case,1
partner,2
realize,1
headquarters818,1
stewart,1
streetsuite,1
wa,1
206,1
239,1
844,1
282,1
sending,2
corresponds,1
resources,5
resumes,1
functionality,2
feedback,2
improve,7
engage,1
_ga_id,2
addthis_config,2
mt,1
northwestern,5
647995,1
'647995',1
requisition,2
2444\r\nposting,1
october,2
valuable,2
applications,4
identifying,2
visualization,7
analytic,6
individual,6
integrating,4
preparing,3
varied,6
architecting,2
specialized,2
computing,2
communicating,6
adept,4
discovery,2
inference,2
predictive,2
prescriptive,2
often,2
involves,2
employing,4
leveraging,3
troves,2
reveal,2
lies,2
beneath,2
ad,8
hoc,8
pursues,2
organization's,2
goals,2
willing,2
extended,2
hours,2
expected,2
laptop,10
expectation,2
hired,2
night,4
disaster,4
recovery,4
essential,14
pattern,2
possess,8
solve,6
python,4
acumen,2
findings,2
machine,5
learning,2
solution,4
basic,4
understanding,11
bring,2
ideas,2
forward,2
adherence,2
privilege,2
desktops,2
windows,2
defined,2
processes,6
resolve,4
requiring,5
incident,2
\r\nperform,1
maintenance,2
nights,2
procedures,2
policies,2
implementing,2
timely,2
resolving,2
documenting,2
parameters,5
escalating,2
energy's,4
worker,4
\r\nwork,1
bt,4
staff,2
layers,2
interconnection,2
integrity,2
availability,2
accredited,3
equivalent,2
combination,4
education,2
highest,2
positive,2
relationships,4
facilitate,6
adapt,2
continually,2
enhance,2
coordinate,3
workload,2
trips,2
serve,2
free,5
creative,3
varying,4
abilities,6
perform,8
functions,6
reasonable,4
supervision,2
positively,2
contributing,2
team's,2
goals\r\nadhere,1
tasks,2
consideration,8
problems,4
\r\nmaintain,1
regulations,2
\r\nwrite,1
procedure,2
manuals,2
\r\ndemonstrate,2
job\r\ntolerate,1
frequent,2
sitting,2
standing,2
station,2
performing,4
motivation,2
initiative,2
alone,2
others,2
absence,2
climb,2
reach,2
hands,4
crawl,2
crouch,4
sit,4
talk,2
hear,2
\r\nlift,1
40,2
driving,2
purposes\r\nuse,1
\r\nassist,1
defining,2
evolving,4
prepare,2
amid,2
issues\r\nact,1
independently,4
confines,2
\r\n\r\nthis,1
description,4
reflects,2
management's,2
assignment,2
prescribe,2
restrict,2
process\r\nwhen,1
considering,2
applicants,10
reorganization,2
diversity,2
relocation,2
language,3
conflicts,2
bargaining,4
unit,4
agreement,2
\r\napplication,1
ada,2
disability,5
accommodation,2
energy\r\nhuman,1
2444\r\n3010,1
west,2
69th,2
street\r\nsioux,1
sd,2
qualified,4
accordance,2
laws,3
regular,6
fl,2
outdated,2
activate,2
frame,2
leftval,2
topval,1
winopts,1
winopts2,1
popupwin,2
'not,2
	job,1
beverages,3
florida,2
headquartered,1
largest,2
owned,1
bottlers,1
ccbf,1
distributes,1
seeks,1
dynamic,3
understand,12
creating,1
duties,2
separated,1
three,1
definition,1
formulation,2
hypotheses,1
objective,1
grounded,1
prospective,1
coherence,1
valuation,1
methodologies,2
sensitivity,1
subject,2
matter,2
advisors,1
executed,1
entire,1
core,2
experts,1
professionals,1
realization,1
capture,1
seeing,1
aspects,4
		skills,1
university,1
major,1
coursework,1
substitute,1
involving,1
modelling,1
consulting,4
sap,1
enterprise,1
florida is,1
thin,1
light,1
medium,1
bold,1
black,1
this;,1
break;,1
throw,1
'visible';,1
location;,1
'true',1
enabled,1
asi,2
r;,1
1;,1
g;,1
toggle,2
homeowners,1
condo,1
owners,1
renters,1
umbrella,1
flood,3
coverage,2
policyholders,2
policyholder,2
claims,6
claim,4
progressive,2
builder,1
agentaccount,1
companies,1
hurricane,4
harvey,2
irma,2
we're,5
help!,1
experiencing,1
extremely,1
fastest,1
calling,1
note,3
homes,1
insurer,1
wind,2
important,3
carrier,1
suffers,1
tips,1
affected,1
sheet,1
stay,1
speed,1
oldonload,1
scr,1
host,2
_fbq,1
fbds,1
s,2
versatag,1
conversion,4
predefined,1
paramvalue,4
retargeting,2
tags,3
conditional,1
\u003cli\u003ea,4
\u003cli\u003e,18
upbeat,3
dress,3
\u0026amp;,4
relaxed,3
guaranteed,3
3%,3
aflac,3
\u003cli\u003e20,2
days,5
however,3
artificial,6
neutral,3
querying,7
d3,3
\u003cli\u003ebs,2
legally,3
ny,3
creates,3
gifting,3
diverse,3
passionate,3
personalities,3
ecommerce,3
florists,3
attract,3
prospects,3
driven,3
possible,3
making,6
play,3
seeking,3
craves,3
challenges,3
never,3
stops,3
you’ll,3
lives,3
spreadsheet,3
going,3
cut,3
story,3
testing,9
nature,3
drives,3
impacts,8
integrate,4
departments,3
satisfied,3
“good,3
enough”,3
decision,3
doesn’t,3
facts,3
defend,3
recommendation,3
airtight,3
formulate,3
embarked,3
knew,3
asking,3
execute,3
toolset,3
cutting,3
unlock,3
secrets,3
arelovingly,1
wantwe,1
doing,1
bs,1
effectively,3
competitive,1
casual,1
contribution,1
atmosphere,1
gym,1
reimbursement,1
20,2
goji,3
gajshost,2
enabletracking,3
trackerid,2
pagetracker,3
varindex,1
'qsu9vfwa';,1
'ozm96fwk';,1
'4';,1
ma,1
time&nbsp;job,1
mission,1
consumers,3
aren&rsquo;t,1
getting,1
anywhere,1
clarity,1
peace,1
bombards,1
gimmicky,1
ways,1
comparison,1
combining,1
smart,1
helped,1
people,1
informed,1
grown,1
quickly,2
&nbsp;business,1
innovation,1
differentiates,1
ripe,1
built,1
vast,1
every,3
horsepower,1
infrastructure,1
launch,1
robust,1
lifetime,2
drivers,1
acquiring,1
scoring,1
thousands,1
leads,1
&nbsp;data,1
automated,1
periodic,1
reconcile,1
reporting;,1
etls,1
views,1
queries,3
intelligencehelp,1
investors,1
designwork,1
retrospect,1
extensive,1
rigorous,3
connecting,1
roi,1
shows,1
it&rsquo;s,1
plus,2
scripting,1
front,1
peopleability,1
collaboratively,1
dive,1
tough,1
propensity,1
seek,1
learner,1
interested,1
&larr;,1
en_us,1
'267,1
'data,1
'resume,1
'no,1
'linkedin,1
'could,1
'recommendation,1
'recommendations,1
'dec',1
jobvite,1
		job,1
date;,1
provider,2
actionable,4
wiser,12
collects,2
analyzes,2
unmatched,2
scale,2
platform,2
blends,2
workflow,2
brands,2
unique,5
science,2
aspect,2
success,2
emerging,2
problems;,2
compelling,2
stories,4
kpis,2
wiser’s,2
visualize,2
dashboards,2
internally,2
comfortable,2
timeliness,2
organizational,2
exceptional,2
reliable,2
telling,2
sets;,2
familiarity,2
flavor,2
big,2
proficiency,4
tableau,2
designed,2
listing,2
operates,2
routinely,2
uses,2
filing,2
cabinets,2
fax,2
demands,3
described,2
representative,2
met,2
prolonged,2
periods,2
time;,2
balance;,2
occasionally,2
distance,2
color,2
peripheral,2
depth,2
perception,2
adjust,2
operate,2
prohibits,2
retaliation,4
committed,2
principle,2
parental,2
tolerate,2
accommodations,2
individuals,2
disabilities,2
cms,2
h2,1
h1,1
declarations,1
dv_language,1
dv_deputy,1
dv_app_root,1
dv_id,1
dv_subdomain,1
dv_custid,1
dv_user_lastname,1
dv_user_email,1
dv_user_id,1
dv_ga_id,1
dv_location,1
null,1
website,1
150,1
say,3
accounting,2
insightful,2
pepsico,9
north,2
america,2
macro,4
trade,2
cash,4
flow,4
payable,2
addressing,2
gaps,2
influence,2
units,4
served,2
nass,2
divisional,2
controllers,2
languages,2
consolidate,2
units\nidentify,1
effect,2
participate,2
relative,2
accounts,4
liability,2
period,2
basis\nprepare,1
kpi's,2
projects\nmanage,1
report\n\n,1
collaborative,2
study,2
preferred\nat,1
practical,2
exposure,2
planning,2
root,2
cause,2
summary,2
interpretation,2
data\nhighly,1
powerpoint\nerp,1
preferably,2
oracle,2
sap;,2
bw,2
plus\nsql,1
skills\nstrong,1
skills\n\n\nall,1
\nif,1
you'd,2
eeo,6
supplement,2
copying,2
pasting,2
bar,2
transparency,4
statement\njob,1
100,3
location,2
piece,1
lets,1
webpages,1
newer,1
let,1
install\n,1
previously,5
attach,1
letter,9
entitled,2
starting,3
desktop,2
recruiting,2
autofill,1
paste,1
efficiently,1
pull,1
single,2
category,1
region,1
alert,3
future,1
matching,1
along,1
subsidiaries,1
respect,1
more\n\tabout,1
exercise,1
visit\n\tour,1
acknowledge,1
read\n\tand,1
understood,1
transferred,1
a\n\tcountry,1
necessarily,1
of\n\tdata,1
protection,2
eu,1
submitting,1
acknowledging,1
identifier,1
registered,1
lowercase,1
character,5
uppercase,1
numeric,1
!,2
@,2
%%,2
^,2
_,2
~,1
pet’s,1
grandfather’s,1
father’s,1
unknown,1
reload,1
end,3
sooner,1
today's,1
can't,1
empty,1
shortly,1
arise,2
multimedia,2
puts,2
possibilities,4
palm,2
tweeting,3
things,3
happening,3
maybe,3
glassdoor,2
addthis_share,1
apps,2
		contact,1
		terms,1
		privacy,1
arbitrary,2
payload,3
@param,4
json,1
contains,1
locale,1
validation,1
ajax,2
backend,1
fake,1
mixpanel,1
