careers,13
â€“,1
enclara,3
32px,1
inline,1
none,4
1em,2
0,49
&&,91
loading,2
please,133
var,170
chars,1
if,144
length,11
str,1
for,427
i,43
0;,9
iteration,1
as,136
may,54
be,288
return,39
else,26
function,56
currentframeurl,1
genurl,1
loc,1
splitpar,2
splitfra,2
it,27
from,111
the,902
parent,1
one,92
so,10
array,1
is,335
in,426
right,23
fullparam,2
'&',2
randomid,1
iframe,3
isoldie,1
detect,1
ie10,1
and,1332
enable,17
console,1
true,15
methods,11
within,18
hosted,1
1px,9
white,1
a,536
phone,16
'1,1
option,3
text,22
help,31
out,28
our,139
faq,1
or,317
call,24
us,30
at,139
',15
rejectchrome,1
?,23
false,8
apple,4
safari,5
google,14
chrome,3
mozilla,1
firefox,1
microsoft,13
internet,19
explorer,9
opera,1
konqueror,1
everything,6
'iphone',1
false;,3
'';,7
customized,1
browsers,4
mybrowser,1
key,30
are,238
healthcare,3
on,151
2017,7
privacy,31
by,118
'',5
velocity,1
js,5
applied,17
site,18
999,1
page,25
transition,1
central,3
credit,4
union,3
anchors,2
ssearchstring,2
shref,2
nindex,2
cf,4
string,2
prepended,4
open,13
hire,4
to,1166
snewhref,2
href,4
strip,2
crap,2
new,103
sclass,2
surl,2
stext,8
nlevel,2
arythislink,2
sbreadcrumbonoff,4
stemp,4
variables,2
grab,4
information,106
current,44
scurrentpath,2
scurrentpage,4
internal,21
not,195
arysubnav,2
nlen,2
sindex,4
&gt;,6
last,19
bc,2
productversion,2
timeoutseconds,2
3600;,2
300;,2
companyid,2
17325;,1
ep_version,2
show,26
hide,8
welcomejob,1
your,547
job,134
agency,2
spagename,4
user,12
session,19
will,150
timeout,2
5,18
click,48
ok,3
continue,13
with,310
this,271
newly,1
created,5
position,34
an,149
innovative,7
thinker,3
who,33
has,83
passion,5
convert,4
raw,10
data,334
multiple,18
operational,4
sources,19
into,26
meaningful,5
insight,13
which,16
helps,1
drive,22
strategic,9
roadmap,1
make,20
sound,5
business,145
implement,10
maintain,19
common,3
reporting,57
monthly,3
quarterly,4
analyze,30
present,9
closely,8
external,1
vendors,1
strategy,4
service,33
desk,3
team,50
automation,10
communication,28
skills,57
ability,27
interpret,10
explain,4
complex,26
results,31
senior,14
knowledge,32
of,573
ms,1
sql,21
server,6
including,60
ssms,1
systems,17
database,13
excel,17
vba,5
would,23
analytical,45
identify,17
trends,14
patterns,4
able,32
manage,13
projects,8
set,22
candidate,23
administration,3
design,6
mining,15
statistical,32
experience,57
scheduling,1
software,20
studio,1
intelligence,14
existing,6
working,29
other,74
financial,19
degree,15
computer,23
mathematics,1
statistics,16
years,22
similar,14
role,17
united,16
do,54
you,451
know,12
&copy;2017,2
oklahoma,1
all,85
rights,13
 \n\t\t\t,2
,27
icimswindow,2
catch,14
windowurl,1
n;return,8
e&&e,4
instanceof,44
ismobile,1
redirecturl,1
link,7
isnewaesthetics,1
jobid,3
icimssd,2
iswidgetloaded,1
messageformat,1
resourcebundle,2
cannot,28
sure,36
blockers,1
'please,1
specify,3
valid,36
errormsg,1
bodytag,1
skiplink,1
'skip,1
absolute;,1
messages,9
index,2
primarymessage,2
secondarymessage,1
ishub,1
links,1
previnnerhtml,1
community,4
operations,12
tasked,2
ensuring,4
high,18
quality,25
support,45
liveops,4
clients,11
independent,2
responsible,16
gathering,5
interpreting,2
center,11
agent,10
population,4
metrics,10
such,24
well,11
performance,25
handling,2
client,4
work,85
cross,4
functional,4
teams,6
define,4
analysis,49
propose,4
successful,14
loves,2
digging,2
discovering,4
insights,10
hidden,6
that,114
superior,2
provide,28
metrics\n,1
recommendations,10
improvements\n,1
run,6
tests,5
optimize,9
performance\n,1
create,29
scripts,4
tools,19
extracting,6
presenting,7
data\n,1
discover,1
correlations,2
between,11
behaviors,2
bachelor\u2019s,1
quantitative,10
technical,16
field\n,1
advanced,20
pivot,4
nesting,2
formulas,2
analysis\n,1
autonomously,2
but,24
also,34
collaboration,4
teams\n,1
demonstrated,1
learn,11
apply,39
technologies\n,1
excellent,10
skills\n,2
thrive,1
environment,15
tight,2
deadlines\n,1
written,21
oral,9
using,64
packages,9
analyzing,16
large,13
sets,6
php,1
development,9
plus\n,1
apache,2
plus\n\nworkers,1
general,8
office,26
required,75
stoop,2
lift,4
50,8
pounds,6
while,23
operating,5
equipment,11
conducting,10
daily,4
offers,8
skilled,2
workforce,2
onshore,2
virtual,6
agents,5
customer,44
no,65
overhead,2
wasted,2
idle,2
model,2
scales,2
meet,9
seasonal,3
time,55
day,8
spikes,2
more,50
than,35
400,2
organizations,4
across,24
industries,2
insurance,6
telecom,2
trust,3
deliver,8
faster,2
program,14
increased,2
greater,12
satisfaction,2
scores,2
traditional,3
culture,3
fun!&nbsp;,2
we,136
offer,8
outstanding,9
benefits,19
401k,3
generous,2
pto,4
about,51
icims_other,1
cookies,6
browser,21
personalized,3
features,1
back,14
acquisition,3
metricsanalyze,1
improvementsrun,1
datadiscover,1
fieldadvanced,1
analysisability,1
skillsthrive,1
skillsexperience,1
plusworking,1
plusworkers,1
opportunity,28
share,18
properly,3
refresh,5
try,60
again,12
ready,6
apply?,1
connect,4
faqssoftware,1
powered,3
relic,1
pageviewname,2
ensure,6
ever,5
halt,1
f,4
j,4
dl,4
l,8
'datalayer',4
true;,5
dl;,4
students,4
&amp;,25
application,74
log,10
openings,9
full,15
analyst,55
primarily,2
analyses,15
sourcing,8
initiatives,2
supply,5
market,5
rfx,4
build,8
relevant,17
compliance,6
tracking,14
baselines,2
total,4
cost,9
process,31
update,17
spend,10
stuff,2
requires,6
competency,4
change,31
relationship,4
building,8
talent,15
focus,3
inspirational,2
•establish,2
channels,2
stakeholders,6
during,3
conduct,5
standard,10
practices,5
tools;,2
research,11
industry,6
benchmarks,2
product,16
refine,4
develop,21
vendor,4
responses,2
qualitative,3
supplier,5
negotiations,2
supporting,4
materials,3
team’s,2
negotiation,2
preparation;,2
assist,4
developing,6
savings,4
approach,4
category•extract,2
extraction,5
erp,2
modeling,18
tool,31
input,5
output,2
finance,5
obtain,3
necessary,11
order,21
produce,4
validate,2
baseline,2
cube,2
opportunities,27
based,21
teams•support,2
special,16
procurement,2
activities,7
needed,9
years’,2
solving,5
analytics,41
deep,3
access;,2
proficient,4
areas,6
suite•knowledge,2
various,17
evaluation,6
payback,2
•strong,2
verbal,7
clearly,2
concisely,2
communicate,4
strong,13
problem,9
skills•high,2
school,20
posted,2
candidates,5
have,178
94768brreq,2
notravel,2
commissions,2
–,5
care,6
compensation,2
&ndash;,12
sr,5
salesforce,2
retail,13
merchandising,2
even,5
health,6
vision,6
just,9
pro,2
flexible,8
spending,5
paid,9
r,7
kick,2
want,42
control,8
over,10
how,16
it's,3
we've,2
ditched,2
reviews,4
tailored,2
career,29
includes,5
training,12
better,6
leadership,15
sweet,2
company,35
steep,2
discounts,2
consumer,4
rate,7
plans,4
fantastic,2
accessories,2
kids,2
child,2
surrogacy,2
aren’t,4
programs,10
reduce,11
those,9
investment,6
options,11
include,28
annual,4
employee,25
stock,4
purchase,4
plan,10
gives,2
chance,2
what,26
expect,2
when,30
applying,8
510,4
virginia,6
pa,2
check,21
public,5
estimated,4
travel,6
20min,2
route,2
good,7
fit,2
“best,2
place,9
former,2
volume,3
store,10
manager,6
shaker,2
fun,6
incentive,2
exceed,2
truly,2
amazing,7
start,5
sometimes,4
does,17
hinge,2
skill,7
pain,2
point,2
growing,8
lot,2
times,4
comes,2
down,10
loyal,2
consistent,2
far,2
too,16
many,11
i've,2
seen,4
great,11
walk,2
away,7
could,2
been,100
win,6
both,13
parties,5
had,7
chose,2
promote,3
“amazing,2
associate,15
constantly,2
improving,2
heading,2
up,42
really,2
hard,6
top,11
sales,11
move,12
higher,4
they,15
same,26
assistant,4
hiring,4
easy,4
eliminate,2
assessment,8
can,90
bit,2
shorter,3
increase,2
base,2
basically,2
managers,2
overlook,2
them,18
their,17
pay,8
much,5
then,9
some,29
associates,2
makes,4
prevents,2
get,18
&quot;best,2
employer,8
worked,2
legitimately,2
cares,2
its,17
employees,17
listens,2
something,6
isn't,4
opinion,2
always,12
takes,4
appropriate,8
haven't,2
employed,2
should,27
i'll,2
my,44
management,45
ethical,2
metropcs,8
provides,8
freedom,2
convenience,3
wireless,2
services,21
nationwide,5
4g,4
lte,2
network,10
flat,2
customers,11
value,41
wide,2
variety,14
device,4
choices,2
leading,6
flagship,2
brand,11
operated,4
products,14
available,34
online,15
states,8
through,29
authorized,7
dealer,2
national,21
eoe,2
take,23
equal,35
seriously,2
decisions,11
concerning,2
employment,26
made,13
without,33
regard,8
sexual,9
gender,7
identity,11
marital,4
citizenship,2
veteran,10
presence,2
any,63
physical,9
mental,5
status,19
characteristic,2
protected,11
local,10
discrimination,4
harassment,4
upon,5
these,14
factors,4
wholly,5
inconsistent,2
values,10
violate,2
contact,35
terms,11
tell,8
choose,22
everyone,3
freelancers,2
contractors,2
currently,15
placed,2
refreshlocation,2
storeaddress,2
pennsylvania,4
locationlat,2
locationlon,2
herff,8
varsity,2
achievement,4
datalayer,5
personalize,6
experience!,6
enter,73
name,29
search,70
careerswe,2
jonescorporate,2
familyour,4
historypress,4
releases,2
openingsour,4
shop,5
benefitswe,2
jonespartner,2
uscorporate,2
jude,2
backour,2
releasesherff,2
jones,4
newsherff,2
news,3
join,6
intersection,2
		,6
©,2
best,5
way,11
fill out,2
select,36
class,10
graduation,16
college,27
rings,10
custom,3
you!,2
generally,2
delivered,9
weeks,6
after,15
ordering,2
go,18
announcements,6
purchased,2
either,4
provided,10
commonly,2
february,2
april,2
caps,2
gowns,4
typically,3
very,6
close,12
specific,11
details,8
regarding,5
delivery,7
communicated,4
shipping,4
residential,2
address,22
shipped,8
via,15
po,2
box,7
postal,6
distributed,4
campus,5
depending,2
school’s,2
preference,2
selection,8
bulk,2
distribution,4
dates,2
direct,10
ship,2
allow,13
once,10
shipment,2
confirmation,4
email,80
number,16
sent,22
directly,9
listed,2
arrive,4
12,2
15,3
home,20
mailing,2
occur,2
scheduled,2
announced,2
va,1
bp,1
capital,6
'placeholder',2
print,5
only,26
hack,2
listing_id,4
648241,1
'648241',1
collection,5
strategies,9
efficiency,6
primary,14
secondary,4
maintaining,5
duties\r\ndata,1
responsibilities,15
lifecycle,5
analysts,2
monitor,3
techniques,14
ongoing,2
sets\r\nfilter,1
reviewing,2
indicators,5
locate,2
correct,12
code,22
problems\r\nwork,1
needs\r\nlocate,1
improvement,7
expertise,8
segmentation,8
objects,2
databases,4
programming,3
etl,2
datasets,10
sas,5
disseminate,3
significant,3
amounts,5
attention,13
detail,8
report,30
writing,4
findings\r\nbs,1
combines,2
technology,25
solutions,30
human,10
simplify,2
humanize,2
mitigate,3
federal,4
agencies,3
prescient,1
edge,6
usa,2
salary,6
comprehensive,6
me,10
piper,4
formisvalid,2
1,7
appdata,2
there's,2
field,33
skip,3
job_id,2
'job_listing_id',2
javascript,3
disabled,3
enabling,6
need,17
assistance,4
here,20
fields,24
preferred,9
method,8
clicking,10
button,7
agree,13
applicantpro's,2
applicant,11
use,80
sidebar_options,2
maintained,7
applicantpro,2
&copy;,3
60px,2
faqbuttons,2
submit,11
account,50
login,20
from_page_url,2
keyword,4
newwindow,4
term,3
path,2
label,8
newbuttontext,6
found,9
'common,2
date;var,2
fired,4
thanks,7
'other',2
answer,22
domain_id,2
app,8
'other,2
v,3
'fire',2
'disable',2
save,17
ouibounce,2
modal,2
e,7
pkbaseurl,4
piwiktracker,2
err,2
0px,8
auto,2
solid,10
div,4
img,4
2px,2
script,4
workday,16
object,4
workdaymessages,2
background,6
still,3
see,15
action,18
items,10
sign,29
landing,2
pages,6
reports,49
guided,4
tours,2
question,37
alerts,2
enough,2
populate,2
above,4
find,15
organizer,8
inbox,12
comments,5
amount,8
entered,10
digits,2
beyond,4
decimal,2
default,2
url,4
attempting,3
valid!\\nplease,2
system,28
instance,12
id,9
grid,8
updated,7
since,4
prior,3
year,6
specified,10
month,4
date,22
off,14
requests,11
view,46
security,72
flash,8
player,6
version,33
minimum,6
adobe,2
older,5
visit,9
download,8
latest,14
downloaded,2
questions,15
chosen,4
request,11
being,14
wait,14
notified,6
max,6
must,100
least,39
&,8
drag,2
icon,4
level,16
works,4
compatibility,5
turn,6
first,20
remove,25
sort,6
add,23
like,29
there,6
was,39
error,16
processing,7
step,8
issue,2
authentication,8
initiated,2
separate,2
window,6
reason,4
cancel,10
elect,3
restore,4
now?,2
recovered,6
sessions,4
profile,32
menu,2
under,12
\u201crecovery,2
track,9
row,52
esign,2
checkbox,2
before,24
daylight,2
saving,2
fill,6
rows,6
item,4
secret,4
authenticator,14
verification,10
main,9
columns,2
chart,4
backup,10
codes,4
received,7
another,2
users,4
display,9
pare,2
list,9
filters,2
message,15
neither,2
nor,3
receiving,2
containing,3
passcode,4
below,11
access,42
saved,61
filter,11
already,34
replace,6
final,2
mandatory,4
passcodes,4
remaining,8
logins,4
scan,2
qr,2
factor,2
adds,2
layer,3
require,20
addition,5
signins,2
supplied,2
organization\'s,2
approved,3
installed,2
mobile,10
somewhere,2
safe,4
each,16
issues,6
checked,2
changes,15
delete,21
worklet,2
edited,4
actions,7
preview,2
now,4
related,22
enhanced,2
behalf,3
press,4
clear,8
nothing,2
upload,35
additional,8
occurs,2
next,14
rounded,2
configured,2
detailed,9
september,6
9th,4
longer,15
10,12
earlier,4
upgrade,6
11,4
different,12
supported,4
supports,4
december,2
2016,2
directory,2
permission,4
export,4
taking,5
long,3
finish,4
axis,10
pdf,2
failed,2
continues,2
read,5
line,2
regression,3
privileged,8
forgot,6
movement,2
because,12
navigate,6
discard,4
send,22
star,4
result,4
maximum,6
tagged,2
escape,2
exit,2
arrow,4
keys,4
type,7
arrows,2
errors,4
continuing,4
b,3
later,11
preferences,2
suggestions,6
files,6
uploaded,17
\'top,4
n,7
values\',4
excluded,2
summed,2
together,3
displayed,2
\'other\',2
exchange,4
estimate,2
currency,2
look,2
what\'s,2
attempts,2
previous,13
column,2
comment,2
why,8
document,15
format,4
progress,3
keep,5
runs,2
it\'s,2
completed,8
searching,2
task,2
selecting,2
resend,2
printable,6
transaction,4
remain,3
further,7
\'discard\',2
leave,6
tag,14
reset,19
initiate,2
password,74
instructions,5
eight,5
characters,15
contain,18
can\'t,2
in?,2
spam,2
verify,11
trouble,6
displaying,2
regain,2
summarize,4
occurred,3
uploading,8
following,39
wish,2
review,9
file,24
notification,2
selected,5
less,12
entering,2
fullscreen,2
viewing,2
matches,6
signing,6
routing,2
photo,4
pin,2
digit,2
did,4
confirm,3
incorrect,2
username,21
setup,2
dragging,2
looking,16
groups,3
nbox,2
collapse,2
facet,2
unplotted,2
size,6
permitted,4
revise,2
layout,2
gear,2
upper,2
corner,2
2,4
leaving,2
uncomment,1
disable,1
called,1
disabletracker,1
externalsite,2
enables,2
querystring,2
tenant,2
arraybuffer&&t,4
blob&&t,4
formdata&&t,4
o,4
t&&t,4
international,4
t,2
\u0026,1
ambiguity,3
manipulating,3
disparate,3
db’s,3
formatted,3
contract,4
dhs,4
shall,14
obtained,3
surveys;,3
reported,3
cbp,6
officers,3
sites,5
where,6
nii,18
rde,3
deployed;,3
generated,9
department,8
energy,4
pacific,3
northwest,3
laboratories,3
capability,5
providers;,3
integrated,6
logistics,3
branch,3
interdiction,3
branch;,3
directorate,3
collected,9
spreadsheets,3
organized,4
documents,8
stored,6
roles,5
inclusive,3
generate,3
useful,6
members,10
graphical,3
presentation,3
prioritized,3
needs,14
project,20
efficient,4
frameworks,3
streamline,3
models,13
depict,3
outline,3
derive,3
calls,3
providing,10
entry,7
organization,5
district,1
&middot;,1
requirements,8
bachelors,1
environments,2
capable,3
indeed,2
iajs,5
discriminate,3
basis,4
genetic,4
prohibited,2
law,10
provision,2
jibe,2
init,2
2;,1
avanade,4
philadelphia,1
urlregex,1
polyfill,1
test,2
css,1
media,13
authors,1
copyright,3
scott,1
paul,1
nicholas,1
david,1
dual,1
license,2
matchmedium,1
api,3
ie,5
9,2
stylemedia,2
don't,1
style,1
info,5
used,8
8,7
'@media,1
1px;,1
query,7
msviewportstyle,1
buggyandroid,1
queryindex,1
hashindex,1
rv,2
'microsoft,1
ua,1
re,1
ios,1
recommend,6
mode,3
logged,4
submitted,10
jobs,46
settings,3
prevented,2
locations,4
unable,4
retrieve,4
mean,2
got,2
plenty,2
state,7
joining,2
referred™,2
explore,5
social,6
professional,12
networks,5
ask,2
personally,3
refer,4
simply,2
referred,7
cv,2
cover,40
someone,2
almost,2
few,7
steps,3
proprietary,3
developed,4
produced,2
kenexa,12
content,17
questionnaire,6
kenexa’s,4
suppliers,4
yum,2
restaurant,2
third,12
party,10
providers,3
condition,2
reproduced,2
whole,2
form,2
express,2
consent,4
applicable,6
circumstances,2
company’s,4
event,2
ibm,2
liable,2
damanges,2
whatsoever,2
damages,3
loss,3
vocational,2
arising,2
inability,2
regardless,3
whether,2
advised,3
possibility,2
confirming,2
purposes,2
receive,9
calculator,2
completing,2
otherwise,3
directed,2
requested,7
failure,2
comply,3
selectortm,2
questionnaires,2
successfully,28
submitted!,2
member,4
match,7
invite,3
section,5
functionalities,3
attached,18
resume,43
dropbox,2
emailed,4
follow,10
expedite,2
linkedin,30
skydrive,2
survey,2
recent,14
appreciate,2
took,2
moments,2
respond,5
eligible,4
interest,3
determined,2
feel,5
complete,9
reply,3
exploring,2
trying,6
were,6
refreshing,2
logging,3
unavailable,2
policy,6
describes,1
ebay,9
joint,1
ventures,1
handle,7
personal,37
placement,1
websites,2
amend,1
posting,6
revised,3
effective,5
post,10
material,1
30,2
days’,1
notice,5
considered,1
having,7
expressly,3
consented,1
amendments,3
deactivate,2
disclosure,5
sensitive,1
binding,3
corporate,6
rules,3
established,5
european,1
commitment,1
protect,10
corporation,1
controller,1
servers,1
shared,10
affiliated,1
legal,4
entities,1
around,5
governed,1
collect,5
ip,4
you’re,2
web,13
traffic,1
transactions,1
certain,3
parts,1
transcripts,1
desired,2
referral,9
property,1
purpose,2
collecting,2
smooth,1
assess,2
dispute,1
troubleshooting,3
notices,1
positions,5
placing,1
voice,5
messaging,5
compare,1
accuracy,5
criminal,1
history,2
determining,1
qualifications,1
accept,3
become,5
part,9
record,5
sell,1
rent,1
marketing,4
explicit,1
acting,1
obligated,1
consistently,4
family,3
limited,3
disclose,1
sole,1
safety,5
contractors;,1
visitors,1
properties;,1
against,4
fraud,1
illegal,1
activity,4
risk,3
purposes;,1
inquiries,6
authorities;,1
enforce,1
service;,1
permit,1
pursue,1
remedies,1
limit,5
sustain;,1
technologies,3
recognize,2
customize,1
measure,3
site’s,1
prevent,1
throughout,1
describe,3
associated,7
person,2
consider,3
anonymous,1
computers,1
elsewhere,1
world,7
facilities,1
administrative,1
measures,3
risks,1
unauthorized,1
safeguards,1
firewalls,1
controls,1
authorization,1
although,2
private,7
communications,9
secure,1
compromised,1
accessing,1
changing,6
most,17
manually,1
modify,1
difficult,1
promptly,1
active,5
retained,1
retain,1
own,7
copy,1
answered,2
write,3
global,9
2145,1
hamilton,1
san,2
california,1
transfer,1
registration,3
user?,4
given,2
credentials,2
'forgot,2
password',2
25,7
answers,19
locked,5
due,6
excessive,2
invalid,46
successful;,2
inactive,2
spelling,2
recently,2
attempted,2
twice,2
24hrs,4
allowed,6
per,6
preceding,4
favorite,4
vacation,2
mother's,2
maiden,2
pet's,1
car,2
paternal,2
grandfather's,1
father's,1
middle,2
city,2
street,2
lived,2
experienced,4
statement,2
chinese,4
kong,1
africa,1
near,1
case,3
partner,4
realize,1
headquarters818,1
stewart,1
streetsuite,1
wa,1
206,1
239,1
844,1
282,1
sending,2
corresponds,1
resources,7
resumes,2
functionality,2
feedback,2
improve,14
engage,1
_ga_id,2
addthis_config,2
mt,1
northwestern,5
647995,1
'647995',1
requisition,2
2444\r\nposting,1
october,2
valuable,2
applications,22
identifying,3
visualization,12
analytic,12
individual,14
integrating,4
preparing,6
varied,6
architecting,2
specialized,2
computing,2
communicating,6
adept,4
discovery,2
inference,2
predictive,4
prescriptive,2
often,3
involves,2
employing,4
leveraging,7
troves,2
reveal,2
lies,2
beneath,2
ad,10
hoc,10
pursues,2
organization's,2
goals,3
willing,2
extended,2
hours,2
expected,2
laptop,10
expectation,2
hired,2
night,4
disaster,4
recovery,4
essential,14
pattern,2
possess,8
solve,7
python,4
acumen,2
findings,2
machine,8
learning,5
solution,4
basic,7
understanding,13
bring,4
ideas,4
forward,2
adherence,2
privilege,2
desktops,2
windows,2
defined,2
processes,10
resolve,4
requiring,6
incident,2
\r\nperform,1
maintenance,5
nights,2
procedures,8
policies,2
implementing,2
timely,8
resolving,2
documenting,3
parameters,5
escalating,2
energy's,4
worker,4
\r\nwork,1
bt,4
staff,3
layers,2
interconnection,2
integrity,2
availability,2
accredited,3
equivalent,3
combination,6
education,10
highest,4
positive,4
relationships,6
facilitate,6
adapt,2
continually,2
enhance,2
coordinate,3
workload,2
trips,2
serve,2
free,5
creative,3
varying,4
abilities,6
perform,15
functions,10
reasonable,4
supervision,3
positively,2
contributing,2
team's,2
goals\r\nadhere,1
tasks,3
consideration,8
problems,10
\r\nmaintain,1
regulations,2
\r\nwrite,1
procedure,2
manuals,2
\r\ndemonstrate,2
job\r\ntolerate,1
frequent,2
sitting,2
standing,2
station,2
performing,4
motivation,2
initiative,2
alone,2
others,6
absence,2
climb,2
reach,2
hands,4
crawl,2
crouch,4
sit,4
talk,2
hear,2
\r\nlift,1
40,2
driving,3
purposes\r\nuse,1
\r\nassist,1
defining,3
evolving,4
prepare,2
amid,2
issues\r\nact,1
independently,6
confines,2
\r\n\r\nthis,1
description,5
reflects,2
management's,2
assignment,2
prescribe,2
restrict,2
process\r\nwhen,1
considering,2
applicants,10
reorganization,2
diversity,2
relocation,2
language,3
conflicts,2
bargaining,4
unit,4
agreement,2
\r\napplication,1
ada,2
disability,5
accommodation,3
energy\r\nhuman,1
2444\r\n3010,1
west,3
69th,2
street\r\nsioux,1
sd,2
qualified,4
accordance,2
laws,3
regular,6
fl,2
outdated,2
activate,2
frame,2
leftval,2
topval,1
winopts,1
winopts2,1
popupwin,2
'not,3
	job,1
beverages,3
florida,2
headquartered,1
largest,4
owned,5
bottlers,1
ccbf,1
distributes,1
seeks,1
dynamic,8
understand,18
creating,3
duties,9
separated,1
three,1
definition,1
formulation,4
hypotheses,1
objective,1
grounded,1
prospective,1
coherence,1
valuation,1
methodologies,2
sensitivity,1
subject,2
matter,2
advisors,1
executed,1
entire,1
core,10
experts,5
professionals,1
realization,1
capture,5
seeing,1
aspects,4
		skills,1
university,3
major,3
coursework,1
substitute,1
involving,1
modelling,1
consulting,4
sap,1
enterprise,1
florida is,1
thin,1
light,1
medium,1
bold,1
black,1
this;,1
break;,1
throw,1
'visible';,1
location;,1
'true',1
enabled,1
asi,2
r;,2
1;,2
g;,2
toggle,6
homeowners,1
condo,1
owners,3
renters,1
umbrella,1
flood,3
coverage,2
policyholders,2
policyholder,2
claims,6
claim,4
progressive,2
builder,1
agentaccount,1
companies,5
hurricane,4
harvey,2
irma,2
we're,5
help!,1
experiencing,1
extremely,1
fastest,5
calling,1
note,3
homes,1
insurer,1
wind,2
important,3
carrier,1
suffers,1
tips,7
affected,1
sheet,1
stay,3
speed,1
oldonload,1
scr,1
host,2
_fbq,1
fbds,1
s,3
versatag,1
conversion,4
predefined,1
paramvalue,4
retargeting,2
tags,3
conditional,1
\u003cli\u003ea,4
\u003cli\u003e,18
upbeat,3
dress,3
\u0026amp;,4
relaxed,3
guaranteed,3
3%,3
aflac,3
\u003cli\u003e20,2
days,5
however,3
artificial,6
neutral,3
querying,7
d3,3
\u003cli\u003ebs,2
legally,3
ny,3
creates,3
gifting,3
diverse,4
passionate,6
personalities,3
ecommerce,3
florists,3
attract,3
prospects,3
driven,5
possible,3
making,7
play,3
seeking,5
craves,3
challenges,3
never,6
stops,3
you’ll,3
lives,4
spreadsheet,3
going,3
cut,3
story,3
testing,14
nature,3
drives,3
impacts,8
integrate,4
departments,3
satisfied,3
“good,3
enough”,3
decision,5
doesn’t,3
facts,3
defend,3
recommendation,3
airtight,3
formulate,5
embarked,3
knew,3
asking,3
execute,7
toolset,3
cutting,5
unlock,3
secrets,3
arelovingly,1
wantwe,1
doing,1
bs,1
effectively,9
competitive,3
casual,1
contribution,1
atmosphere,1
gym,1
reimbursement,1
20,2
goji,3
gajshost,2
enabletracking,3
trackerid,2
pagetracker,3
varindex,1
'qsu9vfwa';,1
'ozm96fwk';,1
'4';,1
ma,1
time&nbsp;job,1
mission,5
consumers,5
aren&rsquo;t,1
getting,1
anywhere,1
clarity,1
peace,1
bombards,1
gimmicky,1
ways,1
comparison,1
combining,1
smart,1
helped,1
people,5
informed,1
grown,1
quickly,2
&nbsp;business,1
innovation,1
differentiates,1
ripe,1
built,1
vast,1
every,5
horsepower,1
infrastructure,1
launch,1
robust,1
lifetime,5
drivers,1
acquiring,1
scoring,1
thousands,1
leads,1
&nbsp;data,1
automated,3
periodic,1
reconcile,1
reporting;,1
etls,1
views,1
queries,5
intelligencehelp,1
investors,1
designwork,1
retrospect,1
extensive,1
rigorous,3
connecting,1
roi,1
shows,1
it&rsquo;s,1
plus,2
scripting,1
front,1
peopleability,1
collaboratively,1
dive,1
tough,1
propensity,1
seek,1
learner,1
interested,5
&larr;,1
en_us,1
'267,1
'data,3
'resume,1
'no,1
'linkedin,1
'could,1
'recommendation,1
'recommendations,1
'dec',1
jobvite,1
		job,1
date;,1
provider,8
actionable,4
wiser,12
collects,2
analyzes,2
unmatched,2
scale,2
platform,4
blends,2
workflow,4
brands,4
unique,9
science,2
aspect,2
success,4
emerging,2
problems;,2
compelling,2
stories,4
kpis,2
wiser’s,2
visualize,2
dashboards,2
internally,4
comfortable,2
timeliness,2
organizational,3
exceptional,2
reliable,2
telling,2
sets;,2
familiarity,2
flavor,2
big,2
proficiency,4
tableau,2
designed,2
listing,2
operates,4
routinely,2
uses,5
filing,2
cabinets,2
fax,2
demands,3
described,2
representative,2
met,2
prolonged,2
periods,3
time;,2
balance;,2
occasionally,2
distance,2
color,2
peripheral,2
depth,2
perception,2
adjust,2
operate,4
prohibits,2
retaliation,4
committed,2
principle,2
parental,2
tolerate,2
accommodations,2
individuals,2
disabilities,2
cms,2
h2,2
h1,1
declarations,1
dv_language,1
dv_deputy,1
dv_app_root,1
dv_id,1
dv_subdomain,1
dv_custid,1
dv_user_lastname,1
dv_user_email,1
dv_user_id,1
dv_ga_id,1
dv_location,1
null,1
website,4
150,1
say,3
accounting,2
insightful,2
pepsico,9
north,2
america,2
macro,4
trade,2
cash,4
flow,4
payable,2
addressing,4
gaps,2
influence,4
units,5
served,2
nass,2
divisional,2
controllers,2
languages,2
consolidate,2
units\nidentify,1
effect,2
participate,2
relative,2
accounts,4
liability,2
period,4
basis\nprepare,1
kpi's,2
projects\nmanage,1
report\n\n,1
collaborative,2
study,2
preferred\nat,1
practical,2
exposure,2
planning,6
root,2
cause,2
summary,4
interpretation,2
data\nhighly,1
powerpoint\nerp,1
preferably,2
oracle,2
sap;,2
bw,2
plus\nsql,1
skills\nstrong,1
skills\n\n\nall,1
\nif,1
you'd,2
eeo,8
supplement,3
copying,2
pasting,2
bar,2
transparency,7
statement\njob,1
100,3
location,2
piece,1
lets,1
webpages,1
newer,1
let,1
install\n,1
previously,5
attach,1
letter,16
entitled,2
starting,5
desktop,4
recruiting,2
autofill,1
paste,3
efficiently,3
pull,1
single,2
category,2
region,1
alert,3
future,2
matching,1
along,1
subsidiaries,1
respect,1
more\n\tabout,1
exercise,1
visit\n\tour,1
acknowledge,1
read\n\tand,1
understood,1
transferred,1
a\n\tcountry,1
necessarily,1
of\n\tdata,1
protection,2
eu,1
submitting,1
acknowledging,1
identifier,1
registered,1
lowercase,3
character,5
uppercase,3
numeric,1
!,4
@,2
%%,2
^,2
_,2
~,1
pet’s,1
grandfather’s,1
father’s,1
unknown,1
reload,1
end,10
sooner,1
today's,1
can't,1
empty,1
shortly,1
arise,2
multimedia,2
puts,2
possibilities,4
palm,2
tweeting,3
things,3
happening,4
maybe,3
glassdoor,2
addthis_share,1
apps,2
		contact,1
		terms,1
		privacy,1
arbitrary,2
payload,3
@param,4
json,1
contains,1
locale,1
validation,6
ajax,2
backend,1
fake,1
mixpanel,1
cox,44
group,8
incredibly,2
proven,2
transforming,4
desires,2
difference,2
viable,2
interpersonal,5
measuring,2
multivariate,2
extract,2
clean,2
sizetranslate,2
infer,2
meaning,2
presentations,2
production,2
moving,7
towards,2
manipulation,5
strongly,3
econometric,3
methodology,2
broadband,3
entertainment,3
digital,6
telephone,3
video,3
commercial,6
cable,3
spot,3
known,5
pioneering,3
efforts,3
subsidiary,3
peachtree,2
dunwoody,2
rdemployee,2
regularjob,2
m,3
'basic,2
dimensions,1
dimensionstosend,1
cd,1
cdelement,1
adblockerstatus,2
	var,2
	if,1
gtmvalues,2
browserwithout,1
you're,1
cci,1
cmg,1
don’t,1
grow,6
advance,1
1716095,1
descriptionthe,1
scoringabout,1
listings,1
monday,1
10pm,1
thru,1
1am,1
intermittent,1
apologize,1
upcoming,1
events,1
addressenter,1
criteria,1
official,1
enterprises,1
hold,1
interviews,1
sought,1
birth,1
institution,1
driver’s,1
passport,1
	,4
tv,2
watch,1
dvr,1
what's,1
bundles,1
contour,1
advertise,1
payment,1
d;,1
!0;,1
e;,1
squibbgo,1
inthis,1
disconnect,1
automatically,1
minutes,4
timer,1
signed,6
searchmy,1
jobpagebasic,1
pageprintable,1
formatreturn,1
friend,4
jobrefer,1
friendrefer,1
candidatesubmit,1
candidate's,1
_ftl,1
might,4
0px;,22
0px;%22,2
helping,6
patients,2
diversified,1
specialty,1
biopharma,1
trailblazing,1
positioning,1
sustainable,1
impact,1
serious,1
motivates,1
settle,1
talents,1
0px%22%3esupport,2
hr,22
evidence,2
accurate,6
gaining,2
aggregation,4
sme,2
audit,2
hris,2
catalog,2
leverage,2
challenge,4
showing,2
meets,2
customer’s,2
adoption,2
self,2
stewardship,2
bachelor’s,2
6,4
progressively,2
peoplesoft,2
macros,2
sdlc,2
implementation,2
highly,2
oriented,2
thought,2
provoking,2
bms,2
eg,2
powerpoint,2
art,2
deal,2
levels,4
squibb,2
svc,2
marked,26
asterisk,26
seem,2
setting,10
3,6
confidential,2
greatest,4
guidelines,2
forming,2
mix,4
punctuation,2
marks,2
random,2
rather,2
reuse,2
secured,2
careful,2
storing,2
easily,2
accessed,2
give,4
suspect,2
24,2
&lt;,2
html,12
passwords,4
timed,2
extend,2
grouped,2
completion,2
removed,8
featured,10
expires,10
sorry,12
exceeded,2
hello0,4
searches,2
withdrawn,8
unfinished,2
90,4
appear,4
reactivate,4
renewed,2
weekly,2
pictureedit,2
picturepicture,2
library,2
picture,4
edit,4
withdraw,4
converted,4
linked,6
import,4
imported,2
schools,2
area,4
facebook,18
twitter,14
tweets,4
recruiter,2
recruiters,4
bound,4
posts,2
allows,4
turning,4
sms,2
absolutely,2
yet,2
reached,2
assessments,8
caught,4
up!,4
unread,2
mark,12
message?,2
holder,2
archived,2
archive,2
referrals,12
dont,4
browsing,4
sorry\\nplease,2
notifications,5
jobscount,4
!disablejobcart,2
esc,2
adding,2
overwrite,2
statuscheck,2
expired,2
statusview,4
scroll,2
redirected,2
elements,2
configuration,2
gateway,2
visual,2
branding,2
'tabletalso',2
header,4
proceeding,2
critical,4
continuous,4
startup,2
studying,2
enhancements,2
logic,2
cycle,2
alongside,2
updates,2
conscientious,2
perseverance,2
resourceful,2
inform,2
400;&quot;&gt;1,1
principles,2
mysql,2
suite,3
founded,2
cpg,2
retailers,4
what&amp;rsquo;s,1
saas,2
interact,2
it&amp;rsquo;s,1
comprised,2
tech,2
engineers,2
food,2
nutrition,2
enriched,2
attribution,2
we&amp;rsquo;ve,1
attracted,2
executive,4
decades,2
rapid,2
growth,2
believe,2
curious,2
minds,2
aren&amp;rsquo;t,2
afraid,4
scientific,2
fail,2
fast,2
embrace,2
lifelong,2
learners,2
intellectual,2
first_name_field,1
last_name_field,1
email_field,1
summary_field,1
iframewindow,1
what’s,1
it’s,1
we’ve,1
opening,3
fetching,1
span,1
'dd,1
yy',1
new_url,1
indeed_fragment,1
current_url,3
'?',1
max_character,4
current_length,2
remaining_length,2
message_text,3
handle_keydown,1
maxlength,1
accesslex,2
17329;,1
homeabout,1
company&rsquo;s,1
designs,2
bi,4
integration,2
metadata,1
acceptance,1
years&rsquo;,2
hand,2
institute,1
switchto5x,1
ii,1
des,1
aureon,1
interfaces,2
outlined,1
tables,1
mappings,1
establish,1
retrieval,1
historical,1
forecast,1
probable,1
corrective,1
thorough,1
migrations,1
assigned,9
four,3
judgment,1
strategically,1
accomplish,1
think,1
meeting,3
assignments,1
short,1
adhere,3
strict,1
confidentiality,1
ssrs,1
conditions,1
indoor,1
utilization,1
manual,1
dexterity,1
visualizing,1
unusual,1
english,3
spanish,3
arabic,1
addstr,16
located,3
modsettings,3
myculture,1
parms,2
correo,6
el,1
esta,1
oferta,1
un,1
requiere,1
una,1
dirección,4
de,6
electrónico,4
para,2
enviar,1
este,1
válida,1
se,3
partir,2
la,1
que,1
válido,1
requieren,1
algunos,1
hunks,17
hauling,11
junk,9
motivated,2
franchising,2
embody,2
exemplary,2
hq,2
ideal,4
types,2
courses,2
transactional,2
stakeholder,2
trend,2
variance,2
consultants,2
overview,2
summaries,2
ranging,2
simple,2
leaders,2
load,2
exceptions,2
partners,2
protocol,2
documentation,2
offline,2
reusable,2
routines,2
crystal,4
studies,2
issues;,2
coordinates,2
expedites,2
departmental,2
input;,2
develops,2
forms;,2
formulates,2
prepares,2
minimal,2
volumes,2
drill,2
pc,2
sharepoint,2
terminology,2
accommodate,2
starts,2
enthusiastic,4
_gaq,2
ga,1
h3,1
20px,1
5px,1
accepting,1
franchise,9
abc's,2
shark,2
hgtv's,2
house,2
blue,2
collar,2
millionaires,2
junk®,2
moving®,2
 is,2
removal,2
2015,2
named,2
headquarters,4
country,2
loyalty,2
recognized,2
places,2
flourish,2
live,2
leaders;,2
branding;,2
listen,2
fulfill,2
delight;,2
promise,2
stands,2
zip,1
attracts,1
accomplishment,1
proud,1
